id;email;pin_code;created_by;created_date;last_modified_by;last_modified_date
f058ef22-3385-4e2c-816d-e3872347af37;Sarai80@gmail.com;long via bemuse;brr sediment yum;2025-02-19T23:23:34;somber motionless vaguely;2025-02-19T20:15:16
36798386-89f0-4fe7-9649-6acdc272023c;Ara.Kub57@gmail.com;wearily misguided;peaceful rim;2025-02-19T09:45:50;busily haze sediment;2025-02-19T16:22:37
48285697-4085-4103-8736-98350b441222;Victoria92@yahoo.com;gracefully too conceptualize;ah;2025-02-19T12:45:40;than yet helplessly;2025-02-19T14:02:44
12d2f6b2-3482-44c6-a4a8-766591c73f18;Katelynn15@yahoo.com;guest until;nocturnal wholly expert;2025-02-19T08:07:17;irritably enfold drat;2025-02-19T23:32:08
657392eb-8259-480c-8b34-cb39243b1acb;Loy26@hotmail.com;peninsula;weep everlasting ascribe;2025-02-19T19:26:40;whenever wherever sway;2025-02-20T04:05:17
f1d86d2d-33a6-445b-ba31-cd19c80b9837;Elvera68@yahoo.com;fooey;dreamily apud wherever;2025-02-19T20:54:40;arid wherever;2025-02-19T09:15:39
5cb417fd-3b11-4dd0-8cdc-f662db088cd2;Ambrose1@hotmail.com;regarding apropos zowie;unfortunately provided lifestyle;2025-02-20T05:52:35;quizzically;2025-02-19T08:46:49
64066807-c4ce-4705-b2ba-d7a4804f3baa;Freddy.Will@hotmail.com;yesterday plump;solicit throughout hence;2025-02-20T05:18:40;squirm geez;2025-02-20T06:29:46
654bf24c-93f8-4481-b05c-477125728025;Dax.Beier38@yahoo.com;times dismal;on unless;2025-02-19T18:21:08;jovially;2025-02-20T01:27:56
21f5c541-99e8-4daf-a324-24d7e60098a1;Makenna34@gmail.com;precedent aw blah;oof quick tasty;2025-02-19T11:30:04;trustworthy upward finally;2025-02-20T00:02:41
